Dept #,Dept
2000,Merchandise
2200,IT
2256,Maintenance
2300,Rail Road
2345,Security
2400,Cash Control
2500,Games
3000,Foods
3001,Franchise Foods
3500,Sign Shop/P&D
4000,Rides
4001,Aquatics
4005,Park Services
4006,PS Waterpark
4111,Admissions/Tolls
4113,Guest Experience
4135,Events
4500,Marketing
5000,Live E
5001,Haunt
5312,Painters
5612,Safety
6000,HR
6500,Sawmill
6632,Castaway Bay
6671,Lighthouse Point
6699,Hotel Breakers
6752,Accommodations
6782,CP Express
6900,Housing
7200,Marina
7500,Linen Services
7611,Sports Force
9000,Corporate